DISABLED	ID	parent class	label	Equivalence axiom	Animal (top level class) Equivalence	Subclass axiom	definition	comment	definition source	Exact Synonym	Broad Synonym	created	term contributor	see also	curation status	image	Curation notes	Minimum	Aves	Bovidae	Suina	Cervidae	Camelidae	Giraffoidea	Hippopotamidae	Cetacea	Ursidae	Canidae	Felidae	Pinnipedia	Musteloidea	Perissodactyla	Diprotodontia	Rodentia	Lagomorpha	Chiroptera	Eulipotyphla	Primates	Home sapiens		Bivalvia	Cephalopoda	Gastropoda	Reptilia	Echinodermata	Amphibian		Chelicerata	Crustacea	Hexapoda	Other
	ID	SC % SPLIT=|	AL rdfs:label@en		EC %		AL IAO:0000115@en	AL rdfs:comment@en	A IAO:0000119 SPLIT=|	AL oboInOwl:hasExactSynonym@en	AL oboInOwl:hasBroadSynonym@en	AT dcterms:date^^xsd:dateTime	A dcterms:contributor SPLIT=|	A rdfs:seeAlso SPLIT=|	AI IAO:0000114	AI schema:image																																			
	FOODON:00004242	animal food product	{animal} food product				A food product that is derived from some {animal}					2023-08-01T21:25:29Z			ready for release			TRUE	ALL	antelope|beef	ALL																														
	FOODON:03420164	animal material	{animal} material	'animal material' and 'derives from' some '{animal}'	'material anatomical entity' and 'derives from' some 'animal'		A material that derives from some {animal}.					2023-08-01T21:25:29Z			ready for release			TRUE	ALL	antelope|beef	ALL																														
	FOODON:02010001	organism substance	{animal} organism substance	'animal organism substance' and 'derives from' some '{animal}'		'animal material'	Material which is produced by an {animal}.	This includes things like eggs and milk.				2023-08-01T21:25:29Z			ready for release				ALL	beef																															
	FOODON:02010002	{animal} organism substance	{animal} egg	'animal egg' and 'in taxon' some '{taxon}'	'shelled egg' or embryo		An egg which is produced by an oviperous {animal}.					2023-08-01T21:25:29Z			ready for release		EFSA- quail, turkey, duck, hen																																		
	FOODON:02010003	{animal} egg	{animal} roe				A fish roe produced by an {animal}.	For fish only.		fish eggs		2023-08-01T21:25:29Z			ready for release		fish | cod																																		
	FOODON:02010004	{animal} egg	{animal} egg (raw)	'{animal} egg' and 'has quality' some 'raw'			A raw {animal} egg.					2023-08-01T21:25:29Z			ready for release				chicken																																
	FOODON:02010005	animal egg	{animal} shelled egg	'animal shelled egg' and 'in taxon' some '{taxon}'	'animal egg' and 'in taxon' some 'Amniota'				https://ucmp.berkeley.edu/vertebrates/tetrapods/amniota.html			2023-08-01T21:25:29Z			ready for release				turkey|chicken																																
	FOODON:02010006	{animal} shelled egg	{animal} shelled egg (raw)	'{animal} shelled egg' and 'has quality' some 'raw'			A raw {animal} shelled egg.					2023-08-01T21:25:29Z			ready for release																																				
	FOODON:02010007	{animal} organism substance	{animal} albumen	'animal albumen' and 'derives from' some '{animal} shelled egg'	'animal organism substance' and 'derives from' some 'albumen'							2023-08-01T21:25:29Z			ready for release		"hen
Also, change all egg white terms to albumen. like egg white (dried) etc."																																		
	FOODON:02010008	{animal} albumen	{animal} albumen (raw)	'{animal} albumen' and 'has quality' some 'raw'			A raw {animal} albumen.					2023-08-01T21:25:29Z			ready for release																																				
	FOODON:02010009	{animal} organism substance	{animal} egg yolk	'animal egg yolk' and 'derives from' some '{animal} shelled egg'	'animal organism substance' and 'derives from' some 'egg yolk'							2023-08-01T21:25:29Z			ready for release		hen																																		
	FOODON:02010010	{animal} egg yolk	{animal} egg yolk (raw)	'{animal} egg yolk' and 'has quality' some 'raw'			A raw {animal} egg yolk.					2023-08-01T21:25:29Z			ready for release																																				
	FOODON:02010011	{animal} organism substance	{animal} eggshell	'animal eggshell' and 'derives from' some '{animal} shelled egg'	'animal organism substance' and 'derives from' some 'eggshell'		A shell of an egg.					2023-08-01T21:25:29Z			ready for release																																				
	FOODON:02010012	{animal} organism substance	{animal} milk	'animal milk' and 'produced by' some '{animal}' and 'produced by' only '{animal}'	'animal organism substance' and 'milk'		Milk which is produced by {animal} lactation.					2023-08-01T21:25:29Z			ready for release		EFSA-> Cow, sheep			cow																															
	FOODON:02010013	{animal} milk	{animal} milk (raw)	'{animal} milk' and 'has quality' some raw			Raw {animal} milk.					2023-08-01T21:25:29Z			ready for release					cow																															
	FOODON:02010014	{animal} organism substance	{animal} blood	'animal blood' and 'produced by' some '{animal}' and 'produced by' only '{animal}'	'animal organism substance' and 'blood'							2023-08-01T21:25:29Z			ready for release																																				
	FOODON:02010015	{animal} blood	{animal} blood (raw)	'{animal} blood' and 'has quality' some raw								2023-08-01T21:25:29Z			ready for release																																				
	FOODON:02010016	piece of {animal} meat	{animal} fillet cut				A usually boneless butchery cut of {animal} meat.		https://en.wikipedia.org/wiki/Fillet_(cut)	fillet		2023-08-01T21:25:29Z			ready for release																																				
	FOODON:02010017	{animal} fillet cut	{animal} fillet cut (raw)	'{animal} fillet cut' and 'has quality' some 'raw'			An {animal} fillet cut that is raw.					2023-08-01T21:25:29Z			ready for release																																				
	FOODON:03420127	{animal} material	{animal} (whole or pieces)	'{animal}' or '{animal} piece' or '{animal} piece(s)'			A whole {animal} or some material processed from a {animal}.					2023-08-01T21:25:29Z			ready for release			TRUE	ALL	antelope|beef	ALL																														
	FOODON:02010018	{animal} (whole or pieces)	{animal} (whole or pieces, raw)	'{animal} (whole or pieces)' and 'has quality' some 'raw'			A raw whole {animal} or raw material processed from an {animal}.					2023-08-01T21:25:29Z			ready for release				chicken																																
	FOODON:00003004	animal 	{animal}	'animal' and 'in taxon' some '{taxon}'	'multicellular organism' and 'in taxon' some 'Metazoa'		A whole {animal}.	A whole animal can be dead or alive, but its body must be relatively intact.				2023-08-01T21:25:29Z			ready for release			TRUE	ALL	antelope|beef	ALL																														
	FOODON:02010019	{animal}	live {animal}	'{animal}' and 'has quality' some 'alive'			A {animal} that is alive.					2023-08-01T21:25:29Z			ready for release				chicken																																
	FOODON:02010020	{animal} 	{animal} carcass	'animal carcass' and 'in taxon' some '{taxon}'	'carcass' and 'in taxon' some 'Metazoa'		A carcass of an {animal}.	This includes a carcass with all organs and skin.				2023-08-01T21:25:29Z			ready for release			TRUE	ALL	antelope|beef	ALL																														
	FOODON:02010021	{animal} carcass	{animal} carcass (raw)	'{animal} carcass' and 'has quality' some 'raw'			A {animal} carcass that is raw.					2023-08-01T21:25:29Z			ready for release				chicken																																
	FOODON:02010022	{animal} piece	{animal} processed carcass			'derives from' some '{animal} carcass'	A {animal} carcass that has been processed to some degree.			dead animal		2023-08-01T21:25:29Z			ready for release				chicken																																
	FOODON:02010023	{animal} processed carcass	{animal} processed carcass (raw)	'{animal} processed carcass' and 'has quality' some 'raw'			A {animal} carcass that is raw.					2023-08-01T21:25:29Z			ready for release				chicken																																
	FOODON:02010024	{animal} processed carcass (raw)	{animal} processed carcass (raw, skinless)	'{animal} processed carcass (raw)' and not ('has part' some ('derives from' some 'skin of body')) 			A raw {animal} carcass that has been skinned.	For a carcass with skin, use "animal carcass"				2023-08-01T21:25:29Z			ready for release				chicken																																
	FOODON:02010025	{animal} processed carcass	{animal} processed carcass (butchered)				A {animal} carcass that is eviscerated and cleaned.					2023-08-01T21:25:29Z			ready for release				chicken																																
	FOODON:02010026	{animal} processed carcass	{animal} processed carcass (gutted)				A {animal} carcass which is gutted.					2023-08-01T21:25:29Z			ready for release				chicken																																
	FOODON:00004332	{animal} material	{animal} piece			'derives from' some '{animal}'	A severed part of an {animal} that is not a body product.					2023-08-01T21:25:29Z			ready for release			TRUE	ALL	antelope|beef	ALL																														
	FOODON:02010027	{animal} piece	{animal} piece (raw)	'{animal} piece' and 'has quality' some 'raw'			A {animal} piece that is raw.					2023-08-01T21:25:29Z			ready for release				chicken																																
	FOODON:02010028	{animal} piece	{animal} piece (with skin)	'{animal} piece' and 'has part' some ('derives from' some 'skin of body')			A {animal} piece that still contains the skin.					2023-08-01T21:25:29Z			ready for release				chicken																																
	FOODON:02010029	{animal} piece	{animal} piece (skinless)	'{animal} piece' and not ('has part' some ('derives from' some 'skin of body'))			A {animal} piece that is skinless.					2023-08-01T21:25:29Z			ready for release				chicken																																
	FOODON:02010030	{animal} piece (with skin)	{animal} piece (with skin, raw)	'{animal} piece (with skin)' and 'has quality' some 'raw'			A {animal} piece that contains the skin and is raw.					2023-08-01T21:25:29Z			ready for release				chicken																																
	FOODON:02010031	{animal} piece (skinless)	{animal} piece (skinless, raw)	'{animal} piece (skinless)' and 'has quality' some 'raw'			A {animal} piece that is skinless and raw.					2023-08-01T21:25:29Z			ready for release				chicken																																
	FOODON:02010032	{animal} piece	{animal} muscle tissue cut	'animal muscle tissue cut' and 'derives from' some '{animal}'	'animal piece' and 'derives from' some 'muscle tissue'		A muscle tissue cut that is derived from some {animal}.					2023-08-01T21:25:29Z			ready for release				chicken																																
	FOODON:02010033	{animal} piece	{animal} fat	'animal fat' and 'derives from' some '{animal}'	'animal piece' and 'derives from' some 'adipose tissue'		Fat derived from some {animal}.					2023-08-01T21:25:29Z			ready for release				chicken																																
	FOODON:02010034	{animal} fat	{animal} external fat				{animal} fat that is found around the outside of muscle of a meat cut.					2023-08-01T21:25:29Z			ready for release																																				
	FOODON:02010035	{animal} fat	{animal} seam fat				{animal} fat that is found between the muscle of a meat cut.					2023-08-01T21:25:29Z			ready for release																																				
	FOODON:02010036	{animal} fat	{animal} fat (raw)	'{animal} fat' and 'has quality' some 'raw'			{animal} fat that is raw.					2023-08-01T21:25:29Z			ready for release																																				
	FOODON:02010037	{animal} fat	{animal} external fat (raw)	'{animal} external fat' and 'has quality' some 'raw'			{animal} external fat that is raw.					2023-08-01T21:25:29Z			ready for release																																				
	FOODON:02010038	{animal} fat	{animal} seam fat (raw)	'{animal} seam fat' and 'has quality' some 'raw'			{animal} seam fat that is raw.					2023-08-01T21:25:29Z			ready for release																																				
	FOODON:02010039	{animal} piece	{animal} blubber	'animal blubber' and 'derives from' some '{animal}'	'animal piece' and 'derives from' some blubber		Blubber that is derived from an {animal}.					2023-08-01T21:25:29Z			ready for release																																				
	FOODON:02010040	{animal} piece	{animal} organ (whole or pieces)	'{animal} organ' or 'piece(s) of {animal} organ' 			A whole {animal} organ or a processed {animal} organ.					2023-08-01T21:25:29Z			ready for release																																				
	FOODON:02010041	{animal} organ (whole or pieces)	{animal} organ (whole or pieces, raw)	'{animal} organ (whole or pieces)' and 'has quality' some 'raw'			A whole {animal} organ or a processed {animal} organ that is raw.					2023-08-01T21:25:29Z			ready for release																																				
	FOODON:00004436	{animal} piece	{animal} organ	'animal organ' and 'derives from' some '{animal}'	'animal piece' and 'derives from' some 'organ'		An animal organ that derives from an {animal}.					2023-08-01T21:25:29Z			ready for release																																				
	FOODON:02010042	{animal} organ 	{animal} heart	'animal heart' and 'derives from' some '{animal}'	'animal organ' and 'derives from' some 'heart'		A whole animal heart that derives from an {animal}.					2023-08-01T21:25:29Z			ready for release		pig																																		
	FOODON:02010043	{animal} organ 	{animal} brain	'animal brain' and 'derives from' some '{animal}'	'animal organ' and 'derives from' some 'brain'		A whole animal brain that derives from an {animal}.					2023-08-01T21:25:29Z			ready for release																																				
	FOODON:02010044	{animal} organ 	{animal} kidney	'animal kidney' and 'derives from' some '{animal}'	'animal organ' and 'derives from' some 'kidney'		A whole animal kidney that derives from an {animal}.					2023-08-01T21:25:29Z			ready for release																																				
	FOODON:02010045	{animal} organ 	{animal} liver	'animal liver' and 'derives from' some '{animal}'	'animal organ' and 'derives from' some 'liver'		A whole animal liver that derives from an {animal}.					2023-08-01T21:25:29Z			ready for release		For EFSA- sheep, chicken, turkey, cod																																		
	FOODON:02010046	{animal} organ 	{animal} spleen	'animal spleen' and 'derives from' some '{animal}'	'animal organ' and 'derives from' some 'spleen'		A whole animal spleen that derives from an {animal}.					2023-08-01T21:25:29Z			ready for release																																				
	FOODON:02010047	{animal} organ 	{animal} lung	'animal lung' and 'derives from' some '{animal}'	'animal organ' and 'derives from' some 'lung'		A whole animal lung that derives from an {animal}.					2023-08-01T21:25:29Z			ready for release																																				
	FOODON:02010048	{animal} organ 	{animal} gizzard	'animal gizzard' and 'derives from' some '{animal}'	'animal organ' and 'derives from' some 'gizzard'		A whole animal gizzard that derives from an {animal}.					2023-08-01T21:25:29Z			ready for release																																				
	FOODON:02010049	{animal} organ 	{animal} tongue	'animal tongue' and 'derives from' some '{animal}'	'animal organ' and 'derives from' some 'tongue'		A whole animal tongue that derives from an {animal}.					2023-08-01T21:25:29Z			ready for release																																				
	FOODON:02010050	{animal} organ 	{animal} rectum	'animal rectum' and 'derives from' some '{animal}'	'animal organ' and 'derives from' some 'rectum'		A whole animal rectum that derives from an {animal}.					2023-08-01T21:25:29Z			ready for release																																				
	FOODON:02010051	{animal} organ 	{animal} thymus	'animal thymus' and 'derives from' some '{animal}'	'animal organ' and 'derives from' some 'thymus'		A whole animal thymus that derives from an {animal}.					2023-08-01T21:25:29Z			ready for release																																				
	FOODON:02010052	{animal} organ 	{animal} pancreas	'animal pancreas' and 'derives from' some '{animal}'	'animal organ' and 'derives from' some 'pancreas'		A whole animal pancreas that derives from an {animal}.					2023-08-01T21:25:29Z			ready for release																																				
	FOODON:02010053	{animal} organ 	{animal} ovary	'animal ovary' and 'derives from' some '{animal}'	'animal organ' and 'derives from' some 'ovary'		A whole animal ovary that derives from an {animal}.					2023-08-01T21:25:29Z			ready for release																																				
	FOODON:02010054	{animal} organ 	{animal} testicle	'animal testicle' and 'derives from' some '{animal}'	'animal organ' and 'derives from' some 'testis'		A whole animal testicle that derives from an {animal}.			{animal} testis		2023-08-01T21:25:29Z			ready for release																																				
	FOODON:02010055	{animal} organ 	{animal} stomach	'animal stomach' and 'derives from' some '{animal}'	'animal organ' and 'derives from' some 'stomach'		A whole animal stomach that derives from an {animal}.					2023-08-01T21:25:29Z			ready for release																																				
	FOODON:02010056	{animal} organ 	{animal} ear	'animal ear' and 'derives from' some '{animal}'	'animal organ' and 'derives from' some 'ear'		A whole animal ear that derives from an {animal}.					2023-08-01T21:25:29Z			ready for release																																				
	FOODON:02010057	{animal} organ 	{animal} small intestine	'animal small intestine' and 'derives from' some '{animal}'	'animal organ' and 'derives from' some 'small intestine'		A whole animal small intestine that derives from an {animal}.					2023-08-01T21:25:29Z			ready for release																																				
	FOODON:02010058	{animal} organ 	{animal} organ (raw)	'{animal} organ' and 'has quality' some 'raw'			A whole raw animal organ that is obtained from {animal} during a butchery process.					2023-08-01T21:25:29Z			ready for release																																				
	FOODON:02010059	{animal} heart 	{animal} heart (raw)	'{animal} heart' and 'has quality' some 'raw'			A whole raw heart that is obtained from {animal}.			raw {animal} heart 		2023-08-01T21:25:29Z			ready for release																																				
	FOODON:02010060	{animal} brain 	{animal} brain (raw)	'{animal} brain' and 'has quality' some 'raw'			A whole raw heart that is obtained from {animal}.					2023-08-01T21:25:29Z			ready for release																																				
	FOODON:02010061	{animal} kidney 	{animal} kidney (raw)	'{animal} kidney' and 'has quality' some 'raw'			A whole raw kidney that is obtained from {animal}.					2023-08-01T21:25:29Z			ready for release																																				
	FOODON:02010062	{animal} liver 	{animal} liver (raw)	'{animal} liver' and 'has quality' some 'raw'			A whole raw liver that is obtained from {animal}.					2023-08-01T21:25:29Z			ready for release																																				
	FOODON:02010063	{animal} spleen 	{animal} spleen (raw)	'{animal} spleen' and 'has quality' some 'raw'			A whole raw spleen that is obtained from {animal}.					2023-08-01T21:25:29Z			ready for release																																				
	FOODON:02010064	{animal} lung 	{animal} lung (raw)	'{animal} lung' and 'has quality' some 'raw'			A whole raw lung that is obtained from {animal}.					2023-08-01T21:25:29Z			ready for release																																				
	FOODON:02010065	{animal} gizzard 	{animal} gizzard (raw)	'{animal} gizzard' and 'has quality' some 'raw'			A whole raw gizzard that is obtained from {animal}.					2023-08-01T21:25:29Z			ready for release																																				
	FOODON:02010066	{animal} tongue 	{animal} tongue (raw)	'{animal} tongue' and 'has quality' some 'raw'			A whole raw tongue that is obtained from {animal}.					2023-08-01T21:25:29Z			ready for release																																				
	FOODON:02010067	{animal} thymus 	{animal} thymus (raw)	'{animal} thymus' and 'has quality' some 'raw'			A whole raw thymus that is obtained from {animal}.					2023-08-01T21:25:29Z			ready for release																																				
	FOODON:02010068	{animal} pancreas 	{animal} pancreas (raw)	'{animal} pancreas' and 'has quality' some 'raw'			A whole raw pancreas that is obtained from {animal}.					2023-08-01T21:25:29Z			ready for release																																				
	FOODON:02010069	{animal} ovary 	{animal} ovary (raw)	'{animal} ovary' and 'has quality' some 'raw'			A whole raw ovary that is obtained from {animal}.					2023-08-01T21:25:29Z			ready for release																																				
	FOODON:02010070	{animal} testicle 	{animal} testicle (raw)	'{animal} testicle' and 'has quality' some 'raw'			A whole raw testicle that is obtained from {animal}.					2023-08-01T21:25:29Z			ready for release																																				
	FOODON:02010071	{animal} stomach 	{animal} stomach (raw)	'{animal} stomach' and 'has quality' some 'raw'			A whole raw stomach that is obtained from {animal}.					2023-08-01T21:25:29Z			ready for release																																				
	FOODON:02010072	{animal} ear 	{animal} ear (raw)	'{animal} ear' and 'has quality' some 'raw'			A whole raw ear that is obtained from {animal}.					2023-08-01T21:25:29Z			ready for release						pork																														
	FOODON:02010073	{animal} small intestine 	{animal} small intestine (raw)	'{animal} small intestine' and 'has quality' some 'raw'			A whole raw small intestine that is obtained from {animal}.					2023-08-01T21:25:29Z			ready for release						pork																														
	FOODON:02010074	{animal} piece	piece of {animal} organ	'{animal} piece' and 'derives from' some '{animal} organ'			A piece of organ that derives from an {animal} organ.					2023-08-01T21:25:29Z			ready for release																																				
	FOODON:02010075	piece of {animal} organ	piece of {animal} skin	'piece of animal skin' and 'derives from' some '{animal}'	'piece of animal organ' and 'derives from' some 'skin of body'		A piece of {animal} skin.					2023-08-01T21:25:29Z			ready for release																																				
	FOODON:02010076	piece of {animal} organ	piece of {animal} heart	'piece of animal heart' and 'derives from' some '{animal} heart'	'piece of animal organ' and 'derives from' some 'animal heart'		A piece of heart that derives from an {animal} heart.				{animal} heart	2023-08-01T21:25:29Z			ready for release																																				
	FOODON:02010077	piece of {animal} organ	piece of {animal} brain	'piece of animal brain' and 'derives from' some '{animal} brain'	'piece of animal organ' and 'derives from' some 'animal brain'		A piece of brain that derives from an {animal} brain.					2023-08-01T21:25:29Z			ready for release																																				
	FOODON:02010078	piece of {animal} organ	piece of {animal} kidney	'piece of animal kidney' and 'derives from' some '{animal} kidney'	'piece of animal organ' and 'derives from' some 'animal kidney'		A piece of kidney that derives from an {animal} kidney.					2023-08-01T21:25:29Z			ready for release																																				
	FOODON:02010079	piece of {animal} organ	piece of {animal} liver	'piece of animal liver' and 'derives from' some '{animal} liver'	'piece of animal organ' and 'derives from' some 'animal liver'		A piece of liver that derives from an {animal} liver.					2023-08-01T21:25:29Z			ready for release																																				
	FOODON:02010080	piece of {animal} organ	piece of {animal} spleen	'piece of animal spleen' and 'derives from' some '{animal} spleen'	'piece of animal organ' and 'derives from' some 'animal spleen'		A piece of spleen that derives from an {animal} spleen.					2023-08-01T21:25:29Z			ready for release																																				
	FOODON:02010081	piece of {animal} organ	piece of {animal} lung	'piece of animal lung' and 'derives from' some '{animal} lung'	'piece of animal organ' and 'derives from' some 'animal lung'		A piece of lung that derives from an {animal} lung.					2023-08-01T21:25:29Z			ready for release																																				
	FOODON:02010082	piece of {animal} organ	piece of {animal} gizzard	'piece of animal gizzard' and 'derives from' some '{animal} gizzard'	'piece of animal organ' and 'derives from' some 'animal gizzard'		A piece of gizzard that derives from an {animal} gizzard.					2023-08-01T21:25:29Z			ready for release																																				
	FOODON:02010083	piece of {animal} organ	piece of {animal} tongue	'piece of animal tongue' and 'derives from' some '{animal} tongue'	'piece of animal organ' and 'derives from' some 'animal tongue'		A piece of tongue that derives from an {animal} tongue.					2023-08-01T21:25:29Z			ready for release																																				
	FOODON:02010084	piece of {animal} organ	piece of {animal} thymus	'piece of animal thymus' and 'derives from' some '{animal} thymus'	'piece of animal organ' and 'derives from' some 'animal thymus'		A piece of thymus that derives from an {animal} thymus.					2023-08-01T21:25:29Z			ready for release																																				
	FOODON:02010085	piece of {animal} organ	piece of {animal} pancreas	'piece of animal pancreas' and 'derives from' some '{animal} pancreas'	'piece of animal organ' and 'derives from' some 'animal pancreas'		A piece of pancreas that derives from an {animal} pancreas.					2023-08-01T21:25:29Z			ready for release																																				
	FOODON:02010086	piece of {animal} organ	piece of {animal} ovary	'piece of animal ovary' and 'derives from' some '{animal} ovary'	'piece of animal organ' and 'derives from' some 'animal ovary'		A piece of ovary that derives from an {animal} ovary.					2023-08-01T21:25:29Z			ready for release																																				
	FOODON:02010087	piece of {animal} organ	piece of {animal} testicle	'piece of animal testicle' and 'derives from' some '{animal} testicle'	'piece of animal organ' and 'derives from' some 'animal testicle'		A piece of testicle that derives from an {animal} testicle.					2023-08-01T21:25:29Z			ready for release																																				
	FOODON:02010088	piece of {animal} organ	piece of {animal} stomach	'piece of animal stomach' and 'derives from' some '{animal} stomach'	'piece of animal organ' and 'derives from' some 'animal stomach'		A piece of stomach that derives from an {animal} stomach.					2023-08-01T21:25:29Z			ready for release																																				
	FOODON:02010089	piece of {animal} organ	piece of {animal} ear	'piece of animal ear' and 'derives from' some '{animal} ear'	'piece of animal organ' and 'derives from' some 'animal ear'		A piece of ear that derives from an {animal} ear.					2023-08-01T21:25:29Z			ready for release																																				
	FOODON:02010090	piece of {animal} organ	piece of {animal} organ (raw)	'piece of {animal} organ' and 'has quality' some 'raw'			A piece of {animal} organ that is raw.					2023-08-01T21:25:29Z			ready for release																																				
	FOODON:02010091	piece of {animal} skin	piece of {animal} skin (raw)	'piece of {animal} skin' and 'has quality' some 'raw'			A piece of {animal} skin that is raw.					2023-08-01T21:25:29Z			ready for release																																				
	FOODON:02010092	piece of {animal} heart	piece of {animal} heart  (raw)	'piece of {animal} heart' and 'has quality' some 'raw'			A piece of {animal} heart that is raw.				raw {animal} heart 	2023-08-01T21:25:29Z			ready for release																																				
	FOODON:02010093	piece of {animal} brain 	piece of {animal} brain (raw)	'piece of {animal} brain' and 'has quality' some 'raw'			A piece of {animal} brain that is raw.					2023-08-01T21:25:29Z			ready for release																																				
	FOODON:02010094	piece of {animal} kidney	piece of {animal} kidney (raw)	'piece of {animal} kidney' and 'has quality' some 'raw'			A piece of {animal} kidney that is raw.					2023-08-01T21:25:29Z			ready for release																																				
	FOODON:02010095	piece of {animal} liver 	piece of {animal} liver (raw)	'piece of {animal} liver' and 'has quality' some 'raw'			A piece of {animal} liver that is raw.					2023-08-01T21:25:29Z			ready for release																																				
	FOODON:02010096	piece of {animal} spleen	piece of {animal} spleen (raw)	'piece of {animal} spleen' and 'has quality' some 'raw'			A piece of {animal} spleen that is raw.					2023-08-01T21:25:29Z			ready for release																																				
	FOODON:02010097	piece of {animal} lung 	piece of {animal} lung (raw)	'piece of {animal} lung' and 'has quality' some 'raw'			A piece of {animal} lung that is raw.					2023-08-01T21:25:29Z			ready for release																																				
	FOODON:02010098	piece of {animal} gizzard	piece of {animal} gizzard (raw)	'piece of {animal} gizzard' and 'has quality' some 'raw'			A piece of {animal} gizzard that is raw.					2023-08-01T21:25:29Z			ready for release																																				
	FOODON:02010099	piece of {animal} tongue	piece of {animal} tongue (raw)	'piece of {animal} tongue' and 'has quality' some 'raw'			A piece of {animal} tongue that is raw.					2023-08-01T21:25:29Z			ready for release																																				
	FOODON:02010100	piece of {animal} thymus	piece of {animal} thymus (raw)	'piece of {animal} thymus' and 'has quality' some 'raw'			A piece of {animal} thymus that is raw.					2023-08-01T21:25:29Z			ready for release																																				
	FOODON:02010101	piece of {animal} pancreas	piece of {animal} pancreas (raw)	'piece of {animal} pancreas' and 'has quality' some 'raw'			A piece of {animal} pancreas that is raw.					2023-08-01T21:25:29Z			ready for release																																				
	FOODON:02010102	piece of {animal} ovary	piece of {animal} ovary (raw)	'piece of {animal} ovary' and 'has quality' some 'raw'			A piece of {animal} ovary that is raw.					2023-08-01T21:25:29Z			ready for release																																				
	FOODON:02010103	piece of {animal} testicle	piece of {animal} testicle (raw)	'piece of {animal} testicle' and 'has quality' some 'raw'			A piece of {animal} testicle that is raw.					2023-08-01T21:25:29Z			ready for release																																				
	FOODON:02010104	piece of {animal} stomach	piece of {animal} stomach (raw)	'piece of {animal} stomach' and 'has quality' some 'raw'			A piece of {animal} stomach that is raw.					2023-08-01T21:25:29Z			ready for release																																				
	FOODON:02010105	piece of {animal} ear	piece of {animal} ear (raw)	'piece of {animal} ear' and 'has quality' some 'raw'			A piece of {animal} ear that is raw.					2023-08-01T21:25:29Z			ready for release																																				
	FOODON:02010106	piece of {animal} ear	piece of {animal} ear (fresh frozen)	'piece of {animal} ear' and 'has quality' some 'fresh frozen'			A piece of {animal} ear that is frozen and raw.					2023-08-01T21:25:29Z			ready for release																																				
	FOODON:02010107	{animal} piece	piece of {animal} meat	'{animal} piece' and 'has part' some ('derives from' some 'animal muscle tissue cut')			A piece of animal meat that is derived from {animal}.				{animal} meat	2023-08-01T21:25:29Z			ready for release		reindeer,	TRUE	ALL	antelope|beef	ALL																														
	FOODON:02010108	piece of {animal} meat	piece of {animal} meat (raw)	'piece of {animal} meat' and 'has quality' some 'raw'			A piece of {animal} meat that is raw.				raw {animal} meat	2023-08-01T21:25:29Z			ready for release																																				
	FOODON:02010109	piece of {animal} meat	piece of {animal} meat (skinless)	'piece of {animal} meat' and not ('has part' some ('derives from' some 'skin of body'))			A piece of {animal} meat that is skinless.					2023-08-01T21:25:29Z			ready for release																																				
	FOODON:02010110	piece of {animal} meat (skinless)	piece of {animal} meat (skinless, raw)	'piece of {animal} meat (skinless)' and 'has quality' some 'raw'			A piece of {animal} meat that is skinless and raw.					2023-08-01T21:25:29Z			ready for release																																				
	FOODON:02010111	piece of {animal} meat	piece of {animal} meat (with skin)	'piece of {animal} meat' and 'has part' some ('derives from' some 'skin of body')			A piece of {animal} meat that contains the skin.					2023-08-01T21:25:29Z			ready for release																																				
	FOODON:02010112	piece of {animal} meat (with skin)	piece of {animal} meat (with skin, raw)	'piece of {animal} meat (with skin)' and 'has quality' some 'raw'			A piece of {animal} meat that is raw and still contains the skin.					2023-08-01T21:25:29Z			ready for release																																				
	FOODON:02010113	piece of {animal} meat	piece of {animal} meat (boneless)	'piece of {animal} meat' and not ('has part' some ('derives from' some 'bone element'))			A piece of {animal} meat that is boneless.					2023-08-01T21:25:29Z			ready for release																																				
	FOODON:02010114	piece of {animal} meat (boneless)	piece of {animal} meat (cubed)				A piece of boneless {animal} meat that has a cubic shape.	Cubed meat should be free from bones, cartilage, lymph glands, and most or all connective tissue and fat.				2023-08-01T21:25:29Z			ready for release																																				
	FOODON:02010115	piece of {animal} meat (cubed)	piece of {animal} meat (cubed, raw)	'piece of {animal} meat (cubed)' and 'has quality' some 'raw'			A cubic piece of {animal} meat that is raw.					2023-08-01T21:25:29Z			ready for release																																				
	FOODON:02010116	piece of {animal} meat	piece of {animal} meat (with bone)	'piece of {animal} meat' and 'has part' some ('derives from' some 'bone element')			A piece of {animal} meat that contains bone material.					2023-08-01T21:25:29Z			ready for release																																				
	FOODON:02010117	piece of {animal} meat (with bone)	piece of {animal} meat (with bone, raw)	'piece of {animal} meat (with bone)' and 'has quality' some 'raw'			A piece of raw {animal} meat that contains bone material.					2023-08-01T21:25:29Z			ready for release																																				
	FOODON:02010118	piece of {animal} meat (boneless)	piece of {animal} meat (deboned)	'piece of {animal} meat (boneless)' and 'is_specified_output_of' some 'deboning process'			A piece of {animal} meat that is deboned.					2023-08-01T21:25:29Z			ready for release																																				
	FOODON:02010119	piece of {animal} meat (deboned)	piece of {animal} meat (mechanically deboned)				A piece of {animal} meat that is mechanically deboned by forcing bones, with attached edible meat, under high pressure through a sieve or similar device to separate the bone from the edible meat tissue.					2023-08-01T21:25:29Z			ready for release																																				
	FOODON:02010120	piece of {animal} meat (mechanically deboned)	piece of {animal} meat (mechanically deboned, raw)	'piece of {animal} meat (mechanically deboned)' and 'has quality' some 'raw'			A piece of raw {animal} meat that is mechanically deboned.					2023-08-01T21:25:29Z			ready for release																																				
	FOODON:02010121	piece of {animal} meat (mechanically deboned)	piece of {animal} meat (mechanically deboned, with skin, raw)									2023-08-01T21:25:29Z			ready for release																																				
	FOODON:02010122	piece of {animal} meat (mechanically deboned)	piece of {animal} meat (mechanically deboned, skinless, raw)									2023-08-01T21:25:29Z			ready for release																																				
	FOODON:02010123	piece of {animal} meat	{animal} thigh	'animal thigh' and 'derives from' some '{animal}'	'piece of animal meat' and 'derives from' some 'hindlimb stylopod'		A whole thigh that derives from an {animal}.					2023-08-01T21:25:29Z			ready for release																																				
	FOODON:02010124	piece of {animal} meat	{animal} breast	'animal breast' and 'derives from' some '{animal}'	'piece of animal meat' and 'derives from' some 'pectoral muscle'		A whole breast that derives from an {animal}.			pectoral muscle		2023-08-01T21:25:29Z			ready for release																																				
	FOODON:02010125	piece of {animal} meat	{animal} drumstick	'animal drumstick' and 'derives from' some '{animal}'	'piece of animal meat' and 'derives from' some 'hindlimb zeugopod'		A whole drumstick that derives from an {animal}.					2023-08-01T21:25:29Z			ready for release																																				
	FOODON:02010126	piece of {animal} meat	{animal} wing	'animal wing' and 'derives from' some '{animal}'	'piece of animal meat' and 'derives from' some 'wing'		A whole wing that derives from an {animal}.					2023-08-01T21:25:29Z			ready for release																																				
	FOODON:02010127	piece of {animal} meat	{animal} foot	'animal foot' and 'derives from' some '{animal}'	'piece of animal meat' and 'derives from' some 'pes'		A whole foot that derives from an {animal}.					2023-08-01T21:25:29Z			ready for release						pig																														
	FOODON:02010128	piece of {animal} meat	{animal} neck	'animal neck' and 'derives from' some '{animal}'	'piece of animal meat' and 'derives from' some 'neck'		A whole neck that derives from an {animal}.					2023-08-01T21:25:29Z			ready for release																																				
	FOODON:02010129	piece of {animal} meat	{animal} back	'animal back' and 'derives from' some '{animal}'	'piece of animal meat' and 'derives from' some 'dorsum'		A whole back that derives from an {animal}.					2023-08-01T21:25:29Z			ready for release																																				
	FOODON:02010130	piece of {animal} meat	{animal} leg	'animal leg' and 'derives from' some '{animal}'	'piece of animal meat' and 'derives from' some 'leg'		A whole leg that derives from an {animal}.					2023-08-01T21:25:29Z			ready for release																																				
	FOODON:02010131	piece of {animal} meat	{animal} ruminant reticulum	'animal ruminant reticulum' and 'derives from' some '{animal}'	'piece of animal meat' and 'derives from' some 'ruminant reticulum'		A whole ruminant reticulum that derives from an {animal}.					2023-08-01T21:25:29Z			ready for release																																				
	FOODON:02010132	piece of {animal} meat	{animal} rumen	'animal rumen' and 'derives from' some '{animal}'	'piece of animal meat' and 'derives from' some 'rumen'		A whole rumen that derives from an {animal}.					2023-08-01T21:25:29Z			ready for release																																				
	FOODON:02010133	piece of {animal} meat	{animal} oviduct	'animal oviduct' and 'derives from' some '{animal}'	'piece of animal meat' and 'derives from' some 'oviduct'		A whole oviduct that derives from an {animal}.					2023-08-01T21:25:29Z			ready for release																																				
	FOODON:02010134	piece of {animal} meat	{animal} trachea	'animal trachea' and 'derives from' some '{animal}'	'piece of animal meat' and 'derives from' some 'trachea'		A whole trachea that derives from an {animal}.					2023-08-01T21:25:29Z			ready for release																																				
	FOODON:02010135	piece of {animal} meat	{animal} parotid gland	'animal parotid gland' and 'derives from' some '{animal}'	'piece of animal meat' and 'derives from' some 'parotid gland'		A whole parotid gland that derives from an {animal}.					2023-08-01T21:25:29Z			ready for release																																				
	FOODON:02010136	piece of {animal} meat	{animal} sublingual gland	'animal sublingual gland' and 'derives from' some '{animal}'	'piece of animal meat' and 'derives from' some 'sublingual gland'		A whole sublingual gland that derives from an {animal}.					2023-08-01T21:25:29Z			ready for release																																				
	FOODON:02010137	piece of {animal} meat	{animal} tail	'animal tail' and 'derives from' some '{animal}'	'piece of animal meat' and 'derives from' some 'tail'		A whole tail that derives from an {animal}.					2023-08-01T21:25:29Z			ready for release																																				
	FOODON:02010138	{animal} thigh 	{animal} thigh (raw)	'{animal} thigh' and 'has quality' some 'raw'			A whole raw thigh that derives from an {animal}.					2023-08-01T21:25:29Z			ready for release																																				
	FOODON:02010139	{animal} breast 	{animal} breast (raw)	'{animal} breast' and 'has quality' some 'raw'			A whole raw {animal} breast.					2023-08-01T21:25:29Z			ready for release																																				
	FOODON:02010140	{animal} drumstick 	{animal} drumstick (raw)	'{animal} drumstick' and 'has quality' some 'raw'			A whole raw {animal} drumstick.					2023-08-01T21:25:29Z			ready for release																																				
	FOODON:02010141	{animal} wing 	{animal} wing (raw)	'{animal} wing' and 'has quality' some 'raw'			A whole raw {animal} wing.					2023-08-01T21:25:29Z			ready for release																																				
	FOODON:02010142	{animal} foot 	{animal} foot (raw)	'{animal} foot' and 'has quality' some 'raw'			A whole raw {animal} foot.					2023-08-01T21:25:29Z			ready for release																																				
	FOODON:02010143	{animal} neck 	{animal} neck (raw)	'{animal} neck' and 'has quality' some 'raw'			A whole raw {animal} neck.					2023-08-01T21:25:29Z			ready for release																																				
	FOODON:02010144	{animal} back 	{animal} back (raw)	'{animal} back' and 'has quality' some 'raw'			A whole raw {animal} back.					2023-08-01T21:25:29Z			ready for release																																				
	FOODON:02010145	{animal} leg 	{animal} leg (raw)	'{animal} leg' and 'has quality' some 'raw'			A whole raw {animal} leg.					2023-08-01T21:25:29Z			ready for release																																				
	FOODON:02010146	{animal} ruminant reticulum 	{animal} ruminant reticulum (raw)	'{animal} ruminant reticulum' and 'has quality' some 'raw'			A whole raw {animal} ruminant reticulum.					2023-08-01T21:25:29Z			ready for release																																				
	FOODON:02010147	{animal} rumen 	{animal} rumen (raw)	'{animal} rumen' and 'has quality' some 'raw'			A whole raw {animal} rumen leg.					2023-08-01T21:25:29Z			ready for release																																				
	FOODON:02010148	{animal} oviduct 	{animal} oviduct (raw)	'{animal} oviduct' and 'has quality' some 'raw'			A whole raw {animal} oviduct leg.					2023-08-01T21:25:29Z			ready for release																																				
	FOODON:02010149	{animal} trachea 	{animal} trachea (raw)	'{animal} trachea' and 'has quality' some 'raw'			A whole raw {animal} trachea.					2023-08-01T21:25:29Z			ready for release																																				
	FOODON:02010150	{animal} parotid gland 	{animal} parotid gland (raw)	'{animal} parotid gland' and 'has quality' some 'raw'			A whole raw {animal} parotid gland.					2023-08-01T21:25:29Z			ready for release																																				
	FOODON:02010151	{animal} sublingual gland 	{animal} sublingual gland (raw)	'{animal} sublingual gland' and 'has quality' some 'raw'			A whole raw {animal} sublingual gland.					2023-08-01T21:25:29Z			ready for release																																				
	FOODON:02010152	{animal} tail 	{animal} tail (raw)	'{animal} tail' and 'has quality' some 'raw'			A whole raw {animal} tail.					2023-08-01T21:25:29Z			ready for release																																				
	FOODON:02010153	{animal} thigh 	{animal} thigh (skinless)	'{animal} thigh' and not ('has part' some ('derives from' some 'skin of body'))			A {animal} thigh that is skinless.					2023-08-01T21:25:29Z			ready for release																																				
	FOODON:02010154	{animal} thigh (skinless)	{animal} thigh (skinless, with bone)	'{animal} thigh (skinless)' and 'has part' some ('derives from' some 'bone element')			A {animal} thigh that is skinless and contains bone material.					2023-08-01T21:25:29Z			ready for release																																				
	FOODON:02010155	{animal} thigh	{animal} thigh (with skin)	'{animal} thigh' and 'has part' some ('derives from' some 'skin of body')			A {animal} thigh that contains skin.					2023-08-01T21:25:29Z			ready for release																																				
	FOODON:02010156	{animal} thigh (with skin)	{animal} thigh (with skin, with bone)	'{animal} thigh (with skin)' and 'has part' some ('derives from' some 'bone element')			A {animal} thigh that contains skin and bone material.					2023-08-01T21:25:29Z			ready for release																																				
	FOODON:02010157	piece of {animal} meat	piece of {animal} thigh	'piece of animal thigh' and 'derives from' some '{animal} thigh'	'piece of dark animal meat' and 'derives from' some 'animal thigh'		A piece of thigh that derives from an {animal} thigh.					2023-08-01T21:25:29Z			ready for release																																				
	FOODON:02010158	piece of {animal} meat	piece of {animal} breast	'piece of animal breast' and 'derives from' some '{animal} breast'	'piece of light animal meat' and 'derives from' some 'pectoral muscle'		A piece of breast (pectoral muscle) that derives from an {animal}.					2023-08-01T21:25:29Z			ready for release																																				
	FOODON:02010159	piece of {animal} meat	piece of {animal} drumstick	'piece of animal drumstick' and 'derives from' some '{animal} drumstick'	'piece of dark animal meat' and 'derives from' some 'animal drumstick'		A piece of drumstick that derives from an {animal} drumstick. 					2023-08-01T21:25:29Z			ready for release																																				
	FOODON:02010160	piece of {animal} meat	piece of {animal} wing	'piece of animal wing' and 'derives from' some '{animal} wing'	'piece of animal meat' and 'derives from' some 'animal wing'		A piece of wing that derives from an {animal} wing.					2023-08-01T21:25:29Z			ready for release																																				
	FOODON:02010161	piece of {animal} meat	piece of {animal} neck	'piece of animal neck' and 'derives from' some '{animal} neck'	'piece of animal meat' and 'derives from' some 'animal neck'		A piece of neck that derives from an {animal} neck.					2023-08-01T21:25:29Z			ready for release																																				
	FOODON:02010162	piece of {animal} meat	piece of {animal} back	'piece of animal back' and 'derives from' some '{animal} back'	'piece of animal meat' and 'derives from' some 'animal back'		A piece of back that derives from an {animal} back.					2023-08-01T21:25:29Z			ready for release																																				
	FOODON:02010163	piece of {animal} meat	piece of {animal} leg	'piece of animal leg' and 'derives from' some '{animal} leg'	'piece of animal meat' and 'derives from' some 'animal leg'		A piece of leg that derives from an {animal} leg.					2023-08-01T21:25:29Z			ready for release																																				
	FOODON:02010164	piece of {animal} thigh	piece of {animal} thigh (raw)	'piece of {animal} thigh' and 'has quality' some 'raw'			A piece of {animal} thigh that is raw.					2023-08-01T21:25:29Z			ready for release																																				
	FOODON:02010165	piece of {animal} breast	piece of {animal} breast (raw)	'piece of {animal} breast' and 'has quality' some 'raw'			A piece of {animal} breast that is raw.					2023-08-01T21:25:29Z			ready for release																																				
	FOODON:02010166	piece of {animal} drumstick	piece of {animal} drumstick (raw)	'piece of {animal} drumstick' and 'has quality' some 'raw'			A piece of {animal} drumstick that is raw.					2023-08-01T21:25:29Z			ready for release																																				
	FOODON:02010167	piece of {animal} wing	piece of {animal} wing (raw)	'piece of {animal} wing' and 'has quality' some 'raw'			A piece of {animal} wing that is raw.					2023-08-01T21:25:29Z			ready for release																																				
	FOODON:02010168	piece of {animal} neck	piece of {animal} neck (raw)	'piece of {animal} neck' and 'has quality' some 'raw'			A piece of {animal} neck that is raw.					2023-08-01T21:25:29Z			ready for release																																				
	FOODON:02010169	piece of {animal} back	piece of {animal} back (raw)	'piece of {animal} back' and 'has quality' some 'raw'			A piece of {animal} back that is raw.					2023-08-01T21:25:29Z			ready for release																																				
	FOODON:02010170	piece of {animal} leg	piece of {animal} leg (raw)	'piece of {animal} leg' and 'has quality' some 'raw'			A piece of {animal} leg that is raw.					2023-08-01T21:25:29Z			ready for release																																				
	FOODON:02010171	piece of {animal} leg	piece of {animal} leg (cubed)	'piece of {animal} leg' and 'has quality' some 'cubed'			A piece of {animal} leg that is cubed.					2023-08-01T21:25:29Z			ready for release																																				
	FOODON:02010172	piece of {animal} leg (cubed)	piece of {animal} leg (cubed, raw)	'piece of {animal} leg (cubed)' and 'has quality' some 'raw'			A piece of {animal} leg that is cubed and raw.					2023-08-01T21:25:29Z			ready for release																																				
	FOODON:02010173	piece of {animal} leg 	piece of {animal} leg (with skin)	'piece of {animal} leg' and 'has part' some ('derives from' some 'skin of body')			A piece of {animal} leg that contains skin.					2023-08-01T21:25:29Z			ready for release																																				
	FOODON:02010174	piece of {animal} leg (with skin)	piece of {animal} leg (with skin, raw)	'piece of {animal} leg (with skin)' and 'has quality' some 'raw'			A piece of {animal} leg that contains skin and is raw.					2023-08-01T21:25:29Z			ready for release																																				
	FOODON:02010175	piece of {animal} leg 	piece of {animal} leg (skinless)	'piece of {animal} leg' and not ('has part' some ('derives from' some 'skin of body'))			A piece of {animal} leg that is skinless.					2023-08-01T21:25:29Z			ready for release																																				
	FOODON:02010176	piece of {animal} leg (skinless)	piece of {animal} leg (skinless, raw)	'piece of {animal} leg (skinless)' and 'has quality' some 'raw'			A piece of {animal} leg that is skinless and raw.					2023-08-01T21:25:29Z			ready for release																																				
	FOODON:02010177	piece of {animal} drumstick 	piece of {animal} drumstick (with skin)	'piece of {animal} drumstick' and 'has part' some ('derives from' some 'skin of body')			A piece of {animal} drumstick that contains skin.					2023-08-01T21:25:29Z			ready for release																																				
	FOODON:02010178	piece of {animal} drumstick (with skin)	piece of {animal} drumstick (with skin, raw)	'piece of {animal} drumstick (with skin)' and 'has quality' some 'raw'			A piece of {animal} drumstick that contains skin and is raw.					2023-08-01T21:25:29Z			ready for release																																				
	FOODON:02010179	piece of {animal} drumstick 	piece of {animal} drumstick (skinless)	'piece of {animal} drumstick' and not ('has part' some ('derives from' some 'skin of body'))			A piece of {animal} drumstick that is skinless.					2023-08-01T21:25:29Z			ready for release																																				
	FOODON:02010180	piece of {animal} drumstick (skinless)	piece of {animal} drumstick (skinless, raw)	'piece of {animal} drumstick (skinless)' and 'has quality' some 'raw'			A piece of {animal} drumstick that is skinless and raw.					2023-08-01T21:25:29Z			ready for release																																				
	FOODON:02010181	piece of {animal} back 	piece of {animal} back (skinless)	'piece of {animal} back' and not ('has part' some ('derives from' some 'skin of body'))			A piece of {animal} back that is skinless.					2023-08-01T21:25:29Z			ready for release																																				
	FOODON:02010182	piece of {animal} back (skinless)	piece of {animal} back (skinless, raw)	'piece of {animal} back (skinless)' and 'has quality' some 'raw'			A piece of {animal} back that is skinlessa and raw.					2023-08-01T21:25:29Z			ready for release																																				
	FOODON:02010183	piece of {animal} back 	piece of {animal} back (with skin)	'piece of {animal} back' and 'has part' some ('derives from' some 'skin of body')			A piece of {animal} back that contains skin.					2023-08-01T21:25:29Z			ready for release																																				
	FOODON:02010184	piece of {animal} back (with skin)	piece of {animal} back (with skin, raw)	'piece of {animal} back (with skin)' and 'has quality' some 'raw'			A piece of {animal} back that contains skin and is raw.					2023-08-01T21:25:29Z			ready for release																																				
	FOODON:02010185	piece of {animal} breast 	piece of {animal} breast (skinless)	'piece of {animal} breast' and not ('has part' some ('derives from' some 'skin of body'))			A piece of {animal} breast that is skinless.					2023-08-01T21:25:29Z			ready for release																																				
	FOODON:02010186	piece of {animal} breast (skinless)	piece of {animal} breast (skinless, raw)	'piece of {animal} breast (skinless)' and 'has quality' some 'raw'			A piece of {animal} breast that is skinless and raw.					2023-08-01T21:25:29Z			ready for release																																				
	FOODON:02010187	piece of {animal} breast 	piece of {animal} breast (with skin)	'piece of {animal} breast' and 'has part' some ('derives from' some 'skin of body')			A piece of {animal} breast that contains skin.					2023-08-01T21:25:29Z			ready for release																																				
	FOODON:02010188	piece of {animal} breast (with skin)	piece of {animal} breast (with skin, raw)	'piece of {animal} breast (with skin)' and 'has quality' some 'raw'			A piece of {animal} breast that contains skin and is raw.					2023-08-01T21:25:29Z			ready for release																																				
	FOODON:02010189	piece of {animal} breast (skinless)	piece of {animal} breast (skinless, boneless)	'piece(s) of {animal} breast (skinless)' and not ('has part' some ('derives from' some 'bone element')) 			A piece of {animal} breast that is skinless and boneless.					2023-08-01T21:25:29Z			ready for release																																				
	FOODON:02010190	piece of {animal} breast (skinless, boneless)	piece of {animal} breast (skinless, boneless, raw)	'piece of {animal} breast (skinless, boneless)' and 'has quality' some 'raw'			A piece of {animal} breast that is skinless, boneless and raw.					2023-08-01T21:25:29Z			ready for release																																				
	FOODON:02010191	piece of {animal} neck 	piece of {animal} neck (with skin)	'piece of {animal} neck' and 'has part' some ('derives from' some 'skin of body')			A piece of {animal} neck that contains skin.					2023-08-01T21:25:29Z			ready for release																																				
	FOODON:02010192	piece of {animal} neck (with skin)	piece of {animal} neck (with skin, raw)	'piece of {animal} neck (with skin)' and 'has quality' some 'raw'			A piece of {animal} neck that contains skin and is raw.					2023-08-01T21:25:29Z			ready for release																																				
	FOODON:02010193	piece of {animal} neck 	piece of {animal} neck (skinless)	'piece of {animal} neck' and not ('has part' some ('derives from' some 'skin of body'))			A piece of {animal} neck that is skinless.					2023-08-01T21:25:29Z			ready for release																																				
	FOODON:02010194	piece of {animal} neck (skinless)	piece of {animal} neck (skinless, raw)	'piece of {animal} neck (skinless)' and 'has quality' some 'raw'			A piece of {animal} neck that is skinless and raw.					2023-08-01T21:25:29Z			ready for release																																				
	FOODON:02010195	piece of {animal} thigh 	piece of {animal} thigh (with skin)	'piece of {animal} thigh' and 'has part' some ('derives from' some 'skin of body')			A piece of {animal} thigh that contains skin.					2023-08-01T21:25:29Z			ready for release																																				
	FOODON:02010196	piece of {animal} thigh (with skin)	piece of {animal} thigh (with skin, raw)	'piece of {animal} thigh (with skin)' and 'has quality' some 'raw'			A piece of {animal} thigh that contains skin and is raw.					2023-08-01T21:25:29Z			ready for release																																				
	FOODON:02010197	piece of {animal} thigh 	piece of {animal} thigh (skinless)	'piece of {animal} thigh' and not ('has part' some ('derives from' some 'skin of body'))			A piece of {animal} thigh that is skinless.					2023-08-01T21:25:29Z			ready for release																																				
	FOODON:02010198	piece of {animal} thigh (skinless)	piece of {animal} thigh (skinless, raw)	'piece of {animal} thigh (skinless)' and 'has quality' some 'raw'			A piece of {animal} thigh that is skinless and raw.					2023-08-01T21:25:29Z			ready for release																																				
	FOODON:02010199	piece of {animal} wing 	piece of {animal} wing (with skin)	'piece of {animal} wing' and 'has part' some ('derives from' some 'skin of body')			A piece of {animal} wing that contains skin.					2023-08-01T21:25:29Z			ready for release																																				
	FOODON:02010200	piece of {animal} wing (with skin)	piece of {animal} wing (with skin, raw)	'piece of {animal} wing (with skin)' and 'has quality' some 'raw'			A piece of {animal} wing that contains skin and is raw.					2023-08-01T21:25:29Z			ready for release																																				
	FOODON:02010201	piece of {animal} wing 	piece of {animal} wing (skinless)	'piece of {animal} wing' and not ('has part' some ('derives from' some 'skin of body'))			A piece of {animal} wing that is skinless.					2023-08-01T21:25:29Z			ready for release																																				
	FOODON:02010202	piece of {animal} wing (skinless)	piece of {animal} wing (skinless, raw)	'piece of {animal} wing (skinless)' and 'has quality' some 'raw'			A piece of {animal} wing that is skinless and raw.					2023-08-01T21:25:29Z			ready for release																																				
	FOODON:02010203	piece of {animal} meat	piece of dark {animal} meat				A piece of meat that comes from a {animal} drumstick, thigh or leg. 					2023-08-01T21:25:29Z			ready for release																																				
	FOODON:02010204	piece of dark {animal} meat	piece of dark {animal} meat (raw)	'piece of dark {animal} meat' and 'has quality' some 'raw'			A piece of dark {animal} meat that is raw.					2023-08-01T21:25:29Z			ready for release																																				
	FOODON:02010205	piece of dark {animal} meat	piece of dark {animal} meat (with skin)	'piece of dark {animal} meat' and 'has part' some ('derives from' some 'skin of body')			A piece of dark {animal} meat that contains skin.					2023-08-01T21:25:29Z			ready for release																																				
	FOODON:02010206	piece of {animal} meat (with skin)	piece of dark {animal} meat (with skin, raw)	'piece of dark {animal} meat (with skin)' and 'has quality' some 'raw'			A piece of dark {animal} meat contains skin and is raw,.					2023-08-01T21:25:29Z			ready for release																																				
	FOODON:02010207	piece of dark {animal} meat	piece of dark {animal} meat (skinless)	'piece of dark {animal} meat' and not ('has part' some ('derives from' some 'skin of body'))			A piece of dark {animal} meat that is skinless.					2023-08-01T21:25:29Z			ready for release																																				
	FOODON:02010208	piece of dark {animal} meat (skinless)	piece of dark {animal} meat (skinless, raw)	'piece of dark {animal} meat (skinless)' and 'has quality' some 'raw'			A piece of dark {animal} meat that is skinless and raw.					2023-08-01T21:25:29Z			ready for release																																				
	FOODON:02010209	piece of {animal} meat	piece of light {animal} meat				A piece light meat that comes from a {animal} breast or wing.					2023-08-01T21:25:29Z			ready for release																																				
	FOODON:02010210	piece of light {animal} meat	piece of light {animal} meat (raw)	'piece of light {animal} meat' and 'has quality' some 'raw'			A piece of light {animal} meat that is raw.					2023-08-01T21:25:29Z			ready for release																																				
	FOODON:02010211	piece of light {animal} meat	piece of light {animal} meat (with skin)	'piece of light {animal} meat' and 'has part' some ('derives from' some 'skin of body')			A piece of light {animal} meat that contains skin.					2023-08-01T21:25:29Z			ready for release																																				
	FOODON:02010212	piece of light {animal} meat (with skin)	piece of light {animal} meat (with skin, raw)	'piece of light {animal} meat (with skin)' and 'has quality' some 'raw'			A piece of light {animal} meat that contains skin and is raw.					2023-08-01T21:25:29Z			ready for release																																				
	FOODON:02010213	piece of light {animal} meat	piece of light {animal} meat (skinless)	'piece of light {animal} meat' and not ('has part' some ('derives from' some 'skin of body'))			A piece of light {animal} meat that is skinless.					2023-08-01T21:25:29Z			ready for release																																				
	FOODON:02010214	piece of light {animal} meat (skinless)	piece of light {animal} meat (skinless, raw)	'piece of light {animal} meat (skinless)' and 'has quality' some 'raw'			A piece of light {animal} meat that is skinless and raw.					2023-08-01T21:25:29Z			ready for release																																				
	FOODON:00004335	{animal} material	{animal} piece(s)	'has member' some '{animal} piece' and 'has member' only '{animal} piece'			One or more {animal} pieces.					2023-08-01T21:25:29Z			ready for release			TRUE	ALL	antelope|beef	ALL																														
	FOODON:02010215	{animal} piece(s)	piece(s) of {animal} skin	'has member' some 'piece of {animal} skin' and 'has member' only 'piece of {animal} skin'			One or more pieces of {animal} skin.					2023-08-01T21:25:29Z			ready for release																																				
	FOODON:02010216	{animal} piece(s)	piece(s) of {animal} meat	'has member' some 'piece of {animal} meat' and 'has member' only 'piece of {animal} meat'			One or more pieces of {animal} meat.			{animal} meat		2023-08-01T21:25:29Z			ready for release																																				
	FOODON:02010217	piece(s) of {animal} meat	piece(s) of {animal} meat (raw)	'piece(s) of {animal} meat' and 'has quality' some 'raw'			One or more pieces of {animal} meat that is raw.					2023-08-01T21:25:29Z			ready for release																																				
	FOODON:02010218	piece(s) of {animal} meat	piece(s) of {animal} meat (with skin)	'piece(s) of {animal} meat' and 'has part' some ('derives from' some 'skin of body')			One or more pieces of {animal} meat that contains skin.					2023-08-01T21:25:29Z			ready for release																																				
	FOODON:02010219	piece(s) of {animal} meat	piece(s) of {animal} meat (skinless)	'piece(s) of {animal} meat' and not ('has part' some ('derives from' some 'skin of body'))			One or more pieces of {animal} meat that is skinless.					2023-08-01T21:25:29Z			ready for release																																				
	FOODON:02010220	piece(s) of {animal} meat (skinless)	piece(s) of {animal} meat (skinless, raw)	'piece(s) of {animal} meat (skinless)' and 'has quality' some 'raw'			One or more pieces of {animal} meat that is skinless and raw.					2023-08-01T21:25:29Z			ready for release																																				
	FOODON:02010221	piece(s) of {animal} meat (with skin)	piece(s) of {animal} meat (with skin, raw)	'piece(s) of {animal} meat (with skin)' and 'has quality' some 'raw'			One or more pieces of {animal} meat that contains skin and is raw.					2023-08-01T21:25:29Z			ready for release																																				
	FOODON:02010222	piece(s) of {animal} meat	piece(s) of {animal} meat (boneless)	'piece(s) of {animal} meat' and not ('has part' some ('derives from' some 'bone element')) 			One or more pieces of {animal} meat that is boneless.					2023-08-01T21:25:29Z			ready for release																																				
	FOODON:02010223	piece(s) of {animal} meat	{animal} meat (ground)	'piece(s) of {animal} meat' and 'is_specified_output_of' some 'food grinding process' 			{animal} meat that has been ground.					2023-08-01T21:25:29Z			ready for release																																				
	FOODON:02010224	{animal} meat (ground)	{animal} meat (ground, raw)	'{animal} meat (ground)' and 'has quality' some 'raw'			{animal} meat that has been ground and is raw.	meat (ground) in FoodOn.				2023-08-01T21:25:29Z			ready for release																																				
	FOODON:02010225	{animal} meat (ground)	{animal} meat (ground, boneless)	'{animal} meat (ground)' and 'piece(s) of {animal} meat (boneless)'								2023-08-01T21:25:29Z			ready for release																																				
	FOODON:02010226	piece(s) of {animal} meat (boneless)	piece(s) of {animal} meat (deboned)	'piece(s) of {animal} meat (boneless)' and 'is_specified_output_of' some 'deboning process'			One or more pieces of {animal} meat that has been deboned.					2023-08-01T21:25:29Z			ready for release																																				
	FOODON:02010227	piece(s) of {animal} meat (deboned)	piece(s) of {animal} meat (deboned, raw)	'piece(s) of {animal} meat (deboned)' and 'has quality' some 'raw'			One or more pieces of {animal} meat that has been deboned and is raw.					2023-08-01T21:25:29Z			ready for release																																				
	FOODON:02010228	piece(s) of {animal} meat (deboned)	piece(s) of {animal} meat (mechanically deboned)				One or more pieces of {animal} meat that is mechanically deboned by forcing bones, with attached edible meat, under high pressure through a sieve or similar device to separate the bone from the edible meat tissue.					2023-08-01T21:25:29Z			ready for release																																				
	FOODON:02010229	piece(s) of {animal} meat (mechanically deboned)	piece(s) of {animal} meat (mechanically deboned, raw)	'piece(s) of {animal} meat (mechanically deboned)' and 'has quality' some 'raw'			One or more pieces of {animal} meat that is mechanically deboned and is raw.					2023-08-01T21:25:29Z			ready for release																																				
	FOODON:02010230	{animal} meat (ground)	{animal} meat (ground, deboned)	'{animal} meat (ground)' and 'piece(s) of {animal} meat (deboned)'			{animal} meat that has been ground and deboned.					2023-08-01T21:25:29Z			ready for release																																				
	FOODON:02010231	piece(s) of {animal} meat	piece(s) of {animal} meat (frozen)	'piece(s) of {animal} meat' and 'has quality' some 'frozen'			One or more pieces of {animal} meat that is frozen.					2023-08-01T21:25:29Z			ready for release																																				
	FOODON:02010232	{animal} meat (ground)	{animal} meat (ground, fresh frozen)	'{animal} meat (ground)' and 'has quality' some 'fresh frozen'			{animal} meat that has been ground and is fresh frozen.					2023-08-01T21:25:29Z			ready for release																																				
	FOODON:02010233	piece(s) of {animal} meat	{animal} meat (minced)	'piece(s) of {animal} meat' and 'is_specified_output_of' some 'food mincing process' 			{animal} meat that has been minced with a blade.					2023-08-01T21:25:29Z			ready for release																																				
	FOODON:02010234	{animal} meat (minced)	{animal} meat (minced, boneless)	'{animal} meat (minced)' and 'piece(s) of {animal} meat (boneless)'			{animal} meat that has been minced and is boneless.					2023-08-01T21:25:29Z			ready for release																																				
	FOODON:02010235	{animal} meat (minced)	{animal} meat (minced, deboned)	'{animal} meat (minced)' and 'piece(s) of {animal} meat (deboned)'			{animal} meat that has been minced and deboned.					2023-08-01T21:25:29Z			ready for release																																				
	FOODON:02010236	{animal} meat (ground)	{animal} meat (ground, lean)				{animal} meat that is ground and lean.					2023-08-01T21:25:29Z			ready for release																																				
	FOODON:02010237	{animal} meat (ground)	'animal rectum ' and 'derives from' some '{animal}'				{animal} meat that is ground and extra lean.					2023-08-01T21:25:29Z			ready for release																																				
	FOODON:02010238	{animal} meat (ground)	{animal} meat (ground, medium)				{animal} meat that is medium ground.					2023-08-01T21:25:29Z			ready for release																																				
	FOODON:02010239	{animal} meat (ground)	{animal} meat (ground, regular)				{animal} meat that is ground and regular.					2023-08-01T21:25:29Z			ready for release																																				
	FOODON:02010240	{animal} meat (ground)	{animal} meat (ground, sirloin)				{animal} meat that comes from sirloin region and is ground.					2023-08-01T21:25:29Z			ready for release																																				
	FOODON:02010241	{animal} piece(s)	piece(s) of {animal} organ	'has member' some 'piece of {animal} organ' and 'has member' only 'piece of {animal} organ'			One or more pieces of {animal} organ.	collection of {animal} organ piece(s)				2023-08-01T21:25:29Z			ready for release																																				
	FOODON:02010242	piece(s) of {animal} organ 	piece(s) of {animal} skin	'has member' some 'piece of {animal} skin' and 'has member' only 'piece of {animal} skin'			One or more pieces of {animal} skin.	collection of {animal} skin piece(s)				2023-08-01T21:25:29Z			ready for release																																				
	FOODON:02010243	piece(s) of {animal} organ 	piece(s) of {animal} heart	'has member' some 'piece of {animal} heart' and 'has member' only 'piece of {animal} heart'			One or more pieces of {animal} heart.	collection of {animal} heart piece(s)				2023-08-01T21:25:29Z			ready for release																																				
	FOODON:02010244	piece(s) of {animal} organ 	piece(s) of {animal} brain	'has member' some 'piece of {animal} brain' and 'has member' only 'piece of {animal} brain'			One or more pieces of {animal} brain.	collection of {animal} brain piece(s)				2023-08-01T21:25:29Z			ready for release																																				
	FOODON:02010245	piece(s) of {animal} organ 	piece(s) of {animal} kidney	'has member' some 'piece of {animal} kidney' and 'has member' only 'piece of {animal} kidney'			One or more pieces of {animal} kidney.	collection of {animal} kidney piece(s)				2023-08-01T21:25:29Z			ready for release																																				
	FOODON:02010246	piece(s) of {animal} organ 	piece(s) of {animal} liver	'has member' some 'piece of {animal} liver' and 'has member' only 'piece of {animal} liver'			One or more pieces of {animal} liver.	collection of {animal} liver piece(s)				2023-08-01T21:25:29Z			ready for release																																				
	FOODON:02010247	piece(s) of {animal} organ 	piece(s) of {animal} spleen	'has member' some 'piece of {animal} spleen' and 'has member' only 'piece of {animal} spleen'			One or more pieces of {animal} spleen.	collection of {animal} spleen piece(s)				2023-08-01T21:25:29Z			ready for release																																				
	FOODON:02010248	piece(s) of {animal} organ 	piece(s) of {animal} lung	'has member' some 'piece of {animal} lung' and 'has member' only 'piece of {animal} lung'			One or more pieces of {animal} lung.	collection of {animal} lung piece(s)				2023-08-01T21:25:29Z			ready for release																																				
	FOODON:02010249	piece(s) of {animal} organ 	piece(s) of {animal} gizzard	'has member' some 'piece of {animal} gizzard' and 'has member' only 'piece of {animal} gizzard'			One or more pieces of {animal} gizzard.	collection of {animal} gizzard piece(s)				2023-08-01T21:25:29Z			ready for release																																				
	FOODON:02010250	piece(s) of {animal} organ 	piece(s) of {animal} tongue	'has member' some 'piece of {animal} tongue' and 'has member' only 'piece of {animal} tongue'			One or more pieces of {animal} tongue.	collection of {animal} tongue piece(s)				2023-08-01T21:25:29Z			ready for release																																				
	FOODON:02010251	piece(s) of {animal} organ 	piece(s) of {animal} thymus	'has member' some 'piece of {animal} thymus' and 'has member' only 'piece of {animal} thymus'			One or more pieces of {animal} thymus.	collection of {animal} thymus piece(s)				2023-08-01T21:25:29Z			ready for release																																				
	FOODON:02010252	piece(s) of {animal} organ 	piece(s) of {animal} pancreas	'has member' some 'piece of {animal} pancreas' and 'has member' only 'piece of {animal} pancreas'			One or more pieces of {animal} pancreas.	collection of {animal} pancreas piece(s)				2023-08-01T21:25:29Z			ready for release																																				
	FOODON:02010253	piece(s) of {animal} organ 	piece(s) of {animal} ovary	'has member' some 'piece of {animal} ovary' and 'has member' only 'piece of {animal} ovary'			One or more pieces of {animal} ovary.	collection of {animal} ovary piece(s)				2023-08-01T21:25:29Z			ready for release																																				
	FOODON:02010254	piece(s) of {animal} organ 	piece(s) of {animal} testicle	'has member' some 'piece of {animal} testicle' and 'has member' only 'piece of {animal} testicle'			One or more pieces of {animal} testicle.	collection of {animal} testicle piece(s)				2023-08-01T21:25:29Z			ready for release																																				
	FOODON:02010255	piece(s) of {animal} organ 	piece(s) of {animal} stomach	'has member' some 'piece of {animal} stomach' and 'has member' only 'piece of {animal} stomach'			One or more pieces of {animal} stomach.	collection of {animal} stomach piece(s)				2023-08-01T21:25:29Z			ready for release																																				
	FOODON:02010256	piece(s) of {animal} organ 	piece(s) of {animal} ear	'has member' some 'piece of {animal} ear' and 'has member' only 'piece of {animal} ear'			One or more pieces of {animal} ear.	collection of {animal} ear piece(s)				2023-08-01T21:25:29Z			ready for release																																				
	FOODON:02010257	piece(s) of {animal} organ 	piece(s) of {animal} organ (raw)	'piece(s) of {animal} organ' and 'has quality' some 'raw'			One or more pieces of {animal} organ that is raw.					2023-08-01T21:25:29Z			ready for release																																				
	FOODON:02010258	piece(s) of {animal} skin 	piece(s) of {animal} skin (raw)	'piece(s) of {animal} skin' and 'has quality' some 'raw'			One or more pieces of {animal} skin that is raw.					2023-08-01T21:25:29Z			ready for release																																				
	FOODON:02010259	piece(s) of {animal} heart 	piece(s) of {animal} heart (raw)	'piece(s) of {animal} heart' and 'has quality' some 'raw'			One or more pieces of {animal} heart that is raw.					2023-08-01T21:25:29Z			ready for release																																				
	FOODON:02010260	piece(s) of {animal} brain 	piece(s) of {animal} brain (raw)	'piece(s) of {animal} brain' and 'has quality' some 'raw'			One or more pieces of {animal} brain that is raw.					2023-08-01T21:25:29Z			ready for release																																				
	FOODON:02010261	piece(s) of {animal} kidney 	piece(s) of {animal} kidney (raw)	'piece(s) of {animal} kidney' and 'has quality' some 'raw'			One or more pieces of {animal} kidney that is raw					2023-08-01T21:25:29Z			ready for release																																				
	FOODON:02010262	piece(s) of {animal} liver 	piece(s) of {animal} liver (raw)	'piece(s) of {animal} liver' and 'has quality' some 'raw'			One or more pieces of {animal} liver that is raw.					2023-08-01T21:25:29Z			ready for release																																				
	FOODON:02010263	piece(s) of {animal} spleen 	piece(s) of {animal} spleen (raw)	'piece(s) of {animal} spleen' and 'has quality' some 'raw'			One or more pieces of {animal} spleen that is raw.					2023-08-01T21:25:29Z			ready for release																																				
	FOODON:02010264	piece(s) of {animal} lung 	piece(s) of {animal} lung (raw)	'piece(s) of {animal} lung' and 'has quality' some 'raw'			One or more pieces of {animal} lung that is raw.					2023-08-01T21:25:29Z			ready for release																																				
	FOODON:02010265	piece(s) of {animal} gizzard 	piece(s) of {animal} gizzard (raw)	'piece(s) of {animal} gizzard' and 'has quality' some 'raw'			One or more pieces of {animal} gizzard that is raw.					2023-08-01T21:25:29Z			ready for release																																				
	FOODON:02010266	piece(s) of {animal} tongue 	piece(s) of {animal} tongue (raw)	'piece(s) of {animal} tongue' and 'has quality' some 'raw'			One or more pieces of {animal} tongue that is raw.					2023-08-01T21:25:29Z			ready for release																																				
	FOODON:02010267	piece(s) of {animal} thymus 	piece(s) of {animal} thymus (raw)	'piece(s) of {animal} thymus' and 'has quality' some 'raw'			One or more pieces of {animal} thymus that is raw.					2023-08-01T21:25:29Z			ready for release																																				
	FOODON:02010268	piece(s) of {animal} pancreas 	piece(s) of {animal} pancreas (raw)	'piece(s) of {animal} pancreas' and 'has quality' some 'raw'			One or more pieces of {animal} pancreas that is raw.					2023-08-01T21:25:29Z			ready for release																																				
	FOODON:02010269	piece(s) of {animal} ovary 	piece(s) of {animal} ovary (raw)	'piece(s) of {animal} ovary' and 'has quality' some 'raw'			One or more pieces of {animal} ovary that is raw.					2023-08-01T21:25:29Z			ready for release																																				
	FOODON:02010270	piece(s) of {animal} testicle 	piece(s) of {animal} testicle (raw)	'piece(s) of {animal} testicle' and 'has quality' some 'raw'			One or more pieces of {animal} testicle that is raw.					2023-08-01T21:25:29Z			ready for release																																				
	FOODON:02010271	piece(s) of {animal} stomach 	piece(s) of {animal} stomach (raw)	'piece(s) of {animal} stomach' and 'has quality' some 'raw'			One or more pieces of {animal} stomach that is raw.					2023-08-01T21:25:29Z			ready for release																																				
	FOODON:02010272	piece(s) of {animal} ear 	piece(s) of {animal} ear (raw)	'piece(s) of {animal} ear' and 'has quality' some 'raw'			One or more pieces of {animal} ear that is raw.					2023-08-01T21:25:29Z			ready for release																																				
	FOODON:02010273	piece(s) of {animal} ear 	piece(s) of {animal} ear (fresh frozen)	'piece(s) of {animal} ear' and 'has quality' some 'fresh frozen'			One or more pieces of {animal} ear that is frozen and raw.					2023-08-01T21:25:29Z			ready for release																																				
	FOODON:02010274	piece(s) of {animal} meat	piece(s) of {animal} thigh	'has member' some 'piece of {animal} thigh' and 'has member' only 'piece of {animal} thigh'			One or more pieces of {animal} thigh.	collection of {animal} thigh piece(s)				2023-08-01T21:25:29Z			ready for release																																				
	FOODON:02010275	piece(s) of {animal} meat	piece(s) of {animal} breast	'has member' some 'piece of {animal} breast' and 'has member' only 'piece of {animal} breast'			One or more pieces of {animal} breast.	collection of {animal} breast piece(s)				2023-08-01T21:25:29Z			ready for release																																				
	FOODON:02010276	piece(s) of {animal} meat	piece(s) of {animal} drumstick	'has member' some 'piece of {animal} drumstick' and 'has member' only 'piece of {animal} drumstick'			One or more pieces of {animal} drumstick.	collection of {animal} drumstick piece(s)				2023-08-01T21:25:29Z			ready for release																																				
	FOODON:02010277	piece(s) of {animal} meat	piece(s) of {animal} wing	'has member' some 'piece of {animal} wing' and 'has member' only 'piece of {animal} wing'			One or more pieces of {animal} wing.	collection of {animal} wing piece(s)				2023-08-01T21:25:29Z			ready for release																																				
	FOODON:02010278	piece(s) of {animal} meat	piece(s) of {animal} neck	'has member' some 'piece of {animal} neck' and 'has member' only 'piece of {animal} neck'			One or more pieces of {animal} neck.	collection of {animal} neck piece(s)				2023-08-01T21:25:29Z			ready for release																																				
	FOODON:02010279	piece(s) of {animal} meat	piece(s) of {animal} back	'has member' some 'piece of {animal} back' and 'has member' only 'piece of {animal} back'			One or more pieces of {animal} back.	collection of {animal} back piece(s)				2023-08-01T21:25:29Z			ready for release																																				
	FOODON:02010280	piece(s) of {animal} meat	piece(s) of {animal} leg	'has member' some 'piece of {animal} leg' and 'has member' only 'piece of {animal} leg'			One or more pieces of {animal} leg.	collection of {animal} leg piece(s)				2023-08-01T21:25:29Z			ready for release																																				
	FOODON:02010281	piece(s) of {animal} thigh	piece(s) of {animal} thigh (raw)	'piece(s) of {animal} thigh' and 'has quality' some 'raw'			One or more pieces of {animal} thigh that is raw.					2023-08-01T21:25:29Z			ready for release																																				
	FOODON:02010282	piece(s) of {animal} breast	piece(s) of {animal} breast (raw)	'piece(s) of {animal} breast' and 'has quality' some 'raw'			One or more pieces of {animal} breast that is raw.					2023-08-01T21:25:29Z			ready for release																																				
	FOODON:02010283	piece(s) of {animal} drumstick	piece(s) of {animal} drumstick (raw)	'piece(s) of {animal} drumstick' and 'has quality' some 'raw'			One or more pieces of {animal} drumstick that is raw.					2023-08-01T21:25:29Z			ready for release																																				
	FOODON:02010284	piece(s) of {animal} wing	piece(s) of {animal} wing (raw)	'piece(s) of {animal} wing' and 'has quality' some 'raw'			One or more pieces of {animal} wing that is raw.					2023-08-01T21:25:29Z			ready for release																																				
	FOODON:02010285	piece(s) of {animal} neck	piece(s) of {animal} neck (raw)	'piece(s) of {animal} neck' and 'has quality' some 'raw'			One or more pieces of {animal} neck that is raw.					2023-08-01T21:25:29Z			ready for release																																				
	FOODON:02010286	piece(s) of {animal} back	piece(s) of {animal} back (raw)	'piece(s) of {animal} back' and 'has quality' some 'raw'			One or more pieces of {animal} back that is raw.					2023-08-01T21:25:29Z			ready for release																																				
	FOODON:02010287	piece(s) of {animal} leg	piece(s) of {animal} leg (raw)	'piece(s) of {animal} leg' and 'has quality' some 'raw'			One or more pieces of {animal} leg that is raw.					2023-08-01T21:25:29Z			ready for release																																				
	FOODON:02010288	piece(s) of {animal} leg	piece(s) of {animal} leg (cubed)	'piece(s) of {animal} leg' and 'has quality' some 'cubed'			One or more pieces of {animal} leg that is cubed.					2023-08-01T21:25:29Z			ready for release																																				
	FOODON:02010289	piece(s) of {animal} leg (cubed)	piece(s) of {animal} leg (cubed, raw)	'piece(s) of {animal} leg (cubed)' and 'has quality' some 'raw'			One or more pieces of {animal} leg that is cubed and raw.					2023-08-01T21:25:29Z			ready for release																																				
	FOODON:02010290	piece(s) of {animal} thigh	piece(s) of {animal} thigh (skinless)	'piece(s) of {animal} thigh' and not ('has part' some ('derives from' some 'skin of body'))			One or more pieces of {animal} thigh that is skinless.					2023-08-01T21:25:29Z			ready for release																																				
	FOODON:02010291	piece(s) of {animal} drumstick	piece(s) of {animal} drumstick (skinless)	'piece(s) of {animal} drumstick' and not ('has part' some ('derives from' some 'skin of body'))			One or more pieces of {animal} drumstick that is skinless.					2023-08-01T21:25:29Z			ready for release																																				
	FOODON:02010292	piece(s) of {animal} breast	piece(s) of {animal} breast (skinless)	'piece(s) of {animal} breast' and not ('has part' some ('derives from' some 'skin of body'))			One or more pieces of {animal} breast that is skinless.					2023-08-01T21:25:29Z			ready for release																																				
	FOODON:02010293	piece(s) of {animal} wing	piece(s) of {animal} wing (skinless)	'piece(s) of {animal} wing' and not ('has part' some ('derives from' some 'skin of body'))			One or more pieces of {animal} wing that is skinless.					2023-08-01T21:25:29Z			ready for release																																				
	FOODON:02010294	piece(s) of {animal} thigh (skinless)	piece(s) of {animal} thigh (skinless, raw)	'piece(s) of {animal} thigh (skinless)' and 'has quality' some 'raw'			One or more pieces of {animal} thigh that is skinless and raw.					2023-08-01T21:25:29Z			ready for release																																				
	FOODON:02010295	piece(s) of {animal} drumstick (skinless)	piece(s) of {animal} drumstick (skinless, raw)	'piece(s) of {animal} drumstick (skinless)' and 'has quality' some 'raw'			One or more piece of {animal} drumstick that is skinless and raw.					2023-08-01T21:25:29Z			ready for release																																				
	FOODON:02010296	piece(s) of {animal} breast (skinless)	piece(s) of {animal} breast (skinless, raw)	'piece(s) of {animal} breast (skinless)' and 'has quality' some 'raw'			One or more pieces of {animal} breast that is skinless and raw.					2023-08-01T21:25:29Z			ready for release																																				
	FOODON:02010297	piece(s) of {animal} wing (skinless)	piece(s) of {animal} wing (skinless, raw)	'piece(s) of {animal} wing (skinless)' and 'has quality' some 'raw'			One or more pieces of {animal} wing that is skinless and raw.					2023-08-01T21:25:29Z			ready for release																																				
	FOODON:02010298	piece(s) of {animal} thigh	piece(s) of {animal} thigh (with skin)	'piece(s) of {animal} thigh' and 'has part' some ('derives from' some 'skin of body')			One or more pieces of {animal} thigh that has skin.					2023-08-01T21:25:29Z			ready for release																																				
	FOODON:02010299	piece(s) of {animal} drumstick	piece(s) of {animal} drumstick (with skin)	'piece(s) of {animal} drumstick' and 'has part' some ('derives from' some 'skin of body')			One or more pieces of {animal} drumstick that has skin.					2023-08-01T21:25:29Z			ready for release																																				
	FOODON:02010300	piece(s) of {animal} breast	piece(s) of {animal} breast (with skin)	'piece(s) of {animal} breast' and 'has part' some ('derives from' some 'skin of body')			One or more pieces of {animal} breast that has skin					2023-08-01T21:25:29Z			ready for release																																				
	FOODON:02010301	piece(s) of {animal} wing	piece(s) of {animal} wing (with skin)	'piece(s) of {animal} wing' and 'has part' some ('derives from' some 'skin of body')			One or more pieces of {animal} wing that has skin.					2023-08-01T21:25:29Z			ready for release																																				
	FOODON:02010302	piece(s) of {animal} thigh (with skin)	piece(s) of {animal} thigh (with skin, raw)	'piece(s) of {animal} thigh (with skin)' and 'has quality' some 'raw'			One or more pieces of {animal} thigh that has skin and is raw.					2023-08-01T21:25:29Z			ready for release																																				
	FOODON:02010303	piece(s) of {animal} drumstick (with skin)	piece(s) of {animal} drumstick (with skin, raw)	'piece(s) of {animal} drumstick (with skin)' and 'has quality' some 'raw'			One or more pieces of {animal} drumstick that has skin and is raw.					2023-08-01T21:25:29Z			ready for release																																				
	FOODON:02010304	piece(s) of {animal} breast (with skin)	piece(s) of {animal} breast (with skin, raw)	'piece(s) of {animal} breast (with skin)' and 'has quality' some 'raw'			One or more pieces of {animal} breast that has skin and is raw.					2023-08-01T21:25:29Z			ready for release																																				
	FOODON:02010305	piece(s) of {animal} wing (with skin)	piece(s) of {animal} wing (with skin, raw)	'piece(s) of {animal} wing (with skin)' and 'has quality' some 'raw'			One or more pieces of {animal} wing that has skin and is raw.					2023-08-01T21:25:29Z			ready for release																																				
	FOODON:03530146	piece of {animal} meat	{animal} cut of meat				A {animal} cut of meat that is primal, sub-primal or a retail cut.		https://en.wikipedia.org/wiki/Primal_cut			2023-08-01T21:25:29Z			ready for release																																				
	FOODON:02010306	{animal} cut of meat	{animal} cut of meat (raw)				A {animal} cut of meat that is raw.					2023-08-01T21:25:29Z			ready for release																																				
	FOODON:00001567	{animal} cut of meat	{animal} primal cut				A cut of meat that is initially separated from the carcass of {animal} during butchering.					2023-08-01T21:25:29Z			ready for release																																				
	FOODON:02010307	{animal} primal cut	{animal} primal cut (raw)				A {animal} primal cut that is raw.					2023-08-01T21:25:29Z			ready for release																																				
	FOODON:00004337	{animal} cut of meat	{animal} sub-primal cut				A smaller cut of meat that is obtained from the larger primal cut of {animal}.					2023-08-01T21:25:29Z			ready for release																																				
	FOODON:02010308	{animal} sub-primal cut	{animal} sub-primal cut (raw)				A {animal} sub-primal cut that is raw.					2023-08-01T21:25:29Z			ready for release																																				
	FOODON:00004338	{animal} cut of meat	{animal} retail cut				A {animal} meat cut that is derived from a sub-primal, individual muscle cut or minor primal cut.		https://www.recipetips.com/kitchen-tips/t--103/cuts-of-beef.asp	consumer cut|retail cut 		2023-08-01T21:25:29Z			ready for release																																				
	FOODON:02010309	{animal} retail cut	{animal} retail cut (raw)	'{animal} retail cut' and 'has quality' some 'raw'			A {animal} retail cut that is raw.					2023-08-01T21:25:29Z			ready for release																																				
	FOODON:02010310	{animal} retail cut	{animal} steak			'derives from' some '{animal} retail cut'	A meat cut that has a flat-cut appearance.					2023-08-01T21:25:29Z			ready for release																																				
	FOODON:02010311	{animal} steak	{animal} steak (raw)	'{animal} steak' and 'has quality' some 'raw'			A {animal} steak that is raw.					2023-08-01T21:25:29Z			ready for release																																				
	FOODON:02010312	{animal} retail cut	{animal} roast			'derives from' some '{animal} retail cut'	A retail cut of meat that is of a size for slicing into more than one portion and is suitable for roasting.					2023-08-01T21:25:29Z			ready for release																																				
	FOODON:02010313	{animal} roast	{animal} roast (raw)	'{animal} roast' and 'has quality' some 'raw'			A {animal} steak that is raw.					2023-08-01T21:25:29Z			ready for release																																				
	FOODON:02010314	{animal} roast	{animal} roast (boneless)	'{animal} roast' and not ('has part' some ('derives from' some 'bone element')) 			A {animal} roast that is boneless.					2023-08-01T21:25:29Z			ready for release																																				
	FOODON:02010315	{animal} roast (boneless)	{animal} roast (boneless, raw)	'{animal} roast (boneless)' and 'has quality' some 'raw'			A {animal} roast that is boneless and raw.					2023-08-01T21:25:29Z			ready for release																																				
	FOODON:02010316	{animal} roast (boneless)	{animal} roast (boneless, seasoned, fresh frozen)	'{animal} roast (boneless)' and 'is_specified_output_of' some 'food seasoning process' and 'has quality' some 'fresh frozen'			A {animal} roast that is boneless, seasoned and fresh frozen.					2023-08-01T21:25:29Z			ready for release																																				
	FOODON:02010317	{animal} retail cut	{animal} chop			'derives from' some '{animal} retail cut'	A retail cut of meat that is perpendicular to the spine, and usually containing a rib or riblet part of a vertebra.		https://en.wikipedia.org/wiki/Meat_chop	meat chop		2023-08-01T21:25:29Z			ready for release																																				
	FOODON:02010318	{animal} chop	{animal} chop (raw)	'{animal} chop' and 'has quality' some 'raw'			A {animal} chop that is raw.					2023-08-01T21:25:29Z			ready for release																																				
	FOODON:02010319	{animal} chop	{animal} chop (boneless)	'{animal} chop' and not ('has part' some ('derives from' some 'bone element')) 			A {animal} roast that is boneless.					2023-08-01T21:25:29Z			ready for release																																				
	FOODON:02010320	{animal} chop (boneless)	{animal} chop (boneless, raw)	'{animal} chop (boneless)' and 'has quality' some 'raw'			A {animal} chop that is boneless and raw.					2023-08-01T21:25:29Z			ready for release																																				